{"cameraMode":{"drawMode":0,"name":"Shaded","section":"Shading Mode"},"sceneLighting":true,"audioPlay":false,"sceneViewState":{"showFog":true,"showMaterialUpdate":false,"showSkybox":true,"showFlares":true,"showImageEffects":true,"showParticleSystems":true},"in2DMode":false,"pivot":{"x":-3.989377498626709,"y":4.291181564331055,"z":2.945086717605591},"rotation":{"x":0.12511059641838075,"y":-0.2943935990333557,"z":0.038906775414943698,"w":0.9466620683670044},"size":34.28428649902344,"orthographic":true}