{"cameraMode":{"drawMode":0,"name":"Shaded","section":"Shading Mode"},"sceneLighting":false,"audioPlay":false,"sceneViewState":{"showFog":true,"showMaterialUpdate":false,"showSkybox":true,"showFlares":true,"showImageEffects":true,"showParticleSystems":true},"in2DMode":false,"pivot":{"x":-0.04999983310699463,"y":1.2173446416854859,"z":3.6999971866607668},"rotation":{"x":0.12511059641838075,"y":-0.2943935990333557,"z":0.038906775414943698,"w":0.9466620683670044},"size":25.08922004699707,"orthographic":true}