{"cameraMode":{"drawMode":0,"name":"Shaded","section":"Shading Mode"},"sceneLighting":false,"audioPlay":false,"sceneViewState":{"showFog":true,"showMaterialUpdate":false,"showSkybox":true,"showFlares":true,"showImageEffects":true,"showParticleSystems":true},"in2DMode":false,"pivot":{"x":-10.172303199768067,"y":7.436298847198486,"z":-13.628225326538086},"rotation":{"x":0.6241313219070435,"y":0.31715142726898196,"z":-0.3070507347583771,"w":0.644676148891449},"size":47.392127990722659,"orthographic":false}